"picture:id","image_specialist::specialist::id","year","speciality"
,,,
228,29,2011,"photographer"
238,29,2011,"photographer"
481,29,2011,"photographer"
922,29,2011,"photographer"
923,29,2011,"photographer"
924,29,2011,"photographer"
4,29,2014,"photographer"
47,29,2014,"photographer"
67,29,2014,"photographer"
68,29,2014,"photographer"
69,29,2014,"photographer"
70,29,2014,"photographer"
74,29,2014,"photographer"
78,29,2014,"photographer"
90,29,2014,"photographer"
93,29,2014,"photographer"
101,29,2014,"photographer"
130,29,2014,"photographer"
180,29,2014,"photographer"
187,29,2014,"photographer"
199,29,2014,"photographer"
204,29,2014,"photographer"
212,29,2014,"photographer"
217,29,2014,"photographer"
260,29,2014,"photographer"
433,29,2014,"photographer"
434,29,2014,"photographer"
435,29,2014,"photographer"
436,29,2014,"photographer"
641,29,2014,"photographer"
642,29,2014,"photographer"
674,29,2014,"photographer"
759,29,2014,"photographer"
1191,29,2014,"photographer"
1731,29,2014,"photographer"
1893,29,2014,"photographer"
1895,29,2014,"photographer"
1897,29,2014,"photographer"
1901,29,2014,"photographer"
1914,29,2014,"photographer"
1915,29,2014,"photographer"
1917,29,2014,"photographer"
1926,29,2014,"photographer"
1947,29,2014,"photographer"
1948,29,2014,"photographer"
1956,29,2014,"photographer"
1959,29,2014,"photographer"
1960,29,2014,"photographer"
1980,29,2014,"photographer"
1998,29,2014,"photographer"
2009,29,2014,"photographer"
2014,29,2014,"photographer"
2019,29,2014,"photographer"
2051,29,2014,"photographer"
2061,29,2014,"photographer"
224,29,2013,"photographer"
452,29,2013,"photographer"
2044,29,2013,"photographer"
59,29,2012,"photographer"
162,29,2012,"photographer"
168,29,2012,"photographer"
235,29,2012,"photographer"
247,29,2012,"photographer"
250,29,2012,"photographer"
254,29,2012,"photographer"
255,29,2012,"photographer"
259,29,2012,"photographer"
286,29,2012,"photographer"
293,29,2012,"photographer"
305,29,2012,"photographer"
322,29,2012,"photographer"
336,29,2012,"photographer"
345,29,2012,"photographer"
357,29,2012,"photographer"
373,29,2012,"photographer"
745,29,2012,"photographer"
2013,29,2012,"photographer"
746,29,2012,"photographer"
437,29,2010,"photographer"
197,29,2010,"photographer"
149,29,2010,"photographer"
171,29,2010,"photographer"
442,29,2010,"photographer"
648,29,2010,"photographer"
1892,29,2010,"photographer"
1911,29,2010,"photographer"
1940,29,2010,"photographer"
445,29,2010,"photographer"
1906,29,2010,"photographer"
1950,29,2010,"photographer"
1,29,2010,"photographer"
5,29,2010,"photographer"
6,29,2010,"photographer"
7,29,2010,"photographer"
32,29,2010,"photographer"
34,29,2010,"photographer"
35,29,2010,"photographer"
36,29,2010,"photographer"
39,29,2010,"photographer"
40,29,2010,"photographer"
42,29,2010,"photographer"
44,29,2010,"photographer"
45,29,2010,"photographer"
50,29,2010,"photographer"
51,29,2010,"photographer"
52,29,2010,"photographer"
53,29,2010,"photographer"
55,29,2010,"photographer"
56,29,2010,"photographer"
58,29,2010,"photographer"
60,29,2010,"photographer"
61,29,2010,"photographer"
63,29,2010,"photographer"
64,29,2010,"photographer"
65,29,2010,"photographer"
66,29,2010,"photographer"
75,29,2010,"photographer"
76,29,2010,"photographer"
77,29,2010,"photographer"
81,29,2010,"photographer"
82,29,2010,"photographer"
83,29,2010,"photographer"
86,29,2010,"photographer"
87,29,2010,"photographer"
88,29,2010,"photographer"
89,29,2010,"photographer"
91,29,2010,"photographer"
95,29,2010,"photographer"
97,29,2010,"photographer"
100,29,2010,"photographer"
103,29,2010,"photographer"
104,29,2010,"photographer"
108,29,2010,"photographer"
110,29,2010,"photographer"
111,29,2010,"photographer"
112,29,2010,"photographer"
113,29,2010,"photographer"
115,29,2010,"photographer"
116,29,2010,"photographer"
117,29,2010,"photographer"
121,29,2010,"photographer"
122,29,2010,"photographer"
123,29,2010,"photographer"
124,29,2010,"photographer"
126,29,2010,"photographer"
128,29,2010,"photographer"
129,29,2010,"photographer"
133,29,2010,"photographer"
134,29,2010,"photographer"
137,29,2010,"photographer"
138,29,2010,"photographer"
144,29,2010,"photographer"
146,29,2010,"photographer"
148,29,2010,"photographer"
150,29,2010,"photographer"
151,29,2010,"photographer"
153,29,2010,"photographer"
154,29,2010,"photographer"
155,29,2010,"photographer"
156,29,2010,"photographer"
157,29,2010,"photographer"
158,29,2010,"photographer"
159,29,2010,"photographer"
160,29,2010,"photographer"
161,29,2010,"photographer"
163,29,2010,"photographer"
164,29,2010,"photographer"
165,29,2010,"photographer"
166,29,2010,"photographer"
167,29,2010,"photographer"
169,29,2010,"photographer"
170,29,2010,"photographer"
172,29,2010,"photographer"
174,29,2010,"photographer"
175,29,2010,"photographer"
178,29,2010,"photographer"
179,29,2010,"photographer"
184,29,2010,"photographer"
185,29,2010,"photographer"
186,29,2010,"photographer"
189,29,2010,"photographer"
190,29,2010,"photographer"
192,29,2010,"photographer"
193,29,2010,"photographer"
194,29,2010,"photographer"
196,29,2010,"photographer"
198,29,2010,"photographer"
200,29,2010,"photographer"
203,29,2010,"photographer"
205,29,2010,"photographer"
207,29,2010,"photographer"
208,29,2010,"photographer"
209,29,2010,"photographer"
211,29,2010,"photographer"
218,29,2010,"photographer"
219,29,2010,"photographer"
220,29,2010,"photographer"
221,29,2010,"photographer"
223,29,2010,"photographer"
231,29,2010,"photographer"
232,29,2010,"photographer"
239,29,2010,"photographer"
240,29,2010,"photographer"
242,29,2010,"photographer"
246,29,2010,"photographer"
248,29,2010,"photographer"
252,29,2010,"photographer"
253,29,2010,"photographer"
262,29,2010,"photographer"
263,29,2010,"photographer"
264,29,2010,"photographer"
265,29,2010,"photographer"
268,29,2010,"photographer"
274,29,2010,"photographer"
277,29,2010,"photographer"
278,29,2010,"photographer"
279,29,2010,"photographer"
280,29,2010,"photographer"
294,29,2010,"photographer"
340,29,2010,"photographer"
360,29,2010,"photographer"
361,29,2010,"photographer"
362,29,2010,"photographer"
363,29,2010,"photographer"
383,29,2010,"photographer"
438,29,2010,"photographer"
439,29,2010,"photographer"
440,29,2010,"photographer"
441,29,2010,"photographer"
443,29,2010,"photographer"
444,29,2010,"photographer"
446,29,2010,"photographer"
447,29,2010,"photographer"
448,29,2010,"photographer"
449,29,2010,"photographer"
450,29,2010,"photographer"
451,29,2010,"photographer"
594,29,2010,"photographer"
644,29,2010,"photographer"
645,29,2010,"photographer"
646,29,2010,"photographer"
649,29,2010,"photographer"
767,29,2010,"photographer"
1721,29,2010,"photographer"
1891,29,2010,"photographer"
1894,29,2010,"photographer"
1896,29,2010,"photographer"
1898,29,2010,"photographer"
1899,29,2010,"photographer"
1900,29,2010,"photographer"
1902,29,2010,"photographer"
1903,29,2010,"photographer"
1904,29,2010,"photographer"
1905,29,2010,"photographer"
1907,29,2010,"photographer"
1908,29,2010,"photographer"
1909,29,2010,"photographer"
1910,29,2010,"photographer"
1912,29,2010,"photographer"
1913,29,2010,"photographer"
1916,29,2010,"photographer"
1920,29,2010,"photographer"
1921,29,2010,"photographer"
1922,29,2010,"photographer"
1923,29,2010,"photographer"
1924,29,2010,"photographer"
1925,29,2010,"photographer"
1927,29,2010,"photographer"
1928,29,2010,"photographer"
1930,29,2010,"photographer"
1931,29,2010,"photographer"
1932,29,2010,"photographer"
1933,29,2010,"photographer"
1934,29,2010,"photographer"
1935,29,2010,"photographer"
1936,29,2010,"photographer"
1937,29,2010,"photographer"
1938,29,2010,"photographer"
1939,29,2010,"photographer"
1941,29,2010,"photographer"
1942,29,2010,"photographer"
1943,29,2010,"photographer"
1944,29,2010,"photographer"
1945,29,2010,"photographer"
1949,29,2010,"photographer"
1951,29,2010,"photographer"
1953,29,2010,"photographer"
1954,29,2010,"photographer"
1955,29,2010,"photographer"
1957,29,2010,"photographer"
1958,29,2010,"photographer"
1963,29,2010,"photographer"
1964,29,2010,"photographer"
1965,29,2010,"photographer"
1966,29,2010,"photographer"
1967,29,2010,"photographer"
1968,29,2010,"photographer"
1969,29,2010,"photographer"
1970,29,2010,"photographer"
1972,29,2010,"photographer"
1973,29,2010,"photographer"
1975,29,2010,"photographer"
1976,29,2010,"photographer"
1977,29,2010,"photographer"
1979,29,2010,"photographer"
1981,29,2010,"photographer"
1982,29,2010,"photographer"
1985,29,2010,"photographer"
1986,29,2010,"photographer"
1987,29,2010,"photographer"
1988,29,2010,"photographer"
1989,29,2010,"photographer"
1990,29,2010,"photographer"
1991,29,2010,"photographer"
1992,29,2010,"photographer"
1993,29,2010,"photographer"
1994,29,2010,"photographer"
1997,29,2010,"photographer"
1999,29,2010,"photographer"
2000,29,2010,"photographer"
2001,29,2010,"photographer"
2002,29,2010,"photographer"
2003,29,2010,"photographer"
2004,29,2010,"photographer"
2005,29,2010,"photographer"
2006,29,2010,"photographer"
2007,29,2010,"photographer"
2008,29,2010,"photographer"
2010,29,2010,"photographer"
2011,29,2010,"photographer"
2012,29,2010,"photographer"
2015,29,2010,"photographer"
2016,29,2010,"photographer"
2017,29,2010,"photographer"
2020,29,2010,"photographer"
2022,29,2010,"photographer"
2024,29,2010,"photographer"
2025,29,2010,"photographer"
2027,29,2010,"photographer"
2028,29,2010,"photographer"
2029,29,2010,"photographer"
2031,29,2010,"photographer"
2032,29,2010,"photographer"
2033,29,2010,"photographer"
2034,29,2010,"photographer"
2035,29,2010,"photographer"
2036,29,2010,"photographer"
2037,29,2010,"photographer"
2038,29,2010,"photographer"
2040,29,2010,"photographer"
2041,29,2010,"photographer"
2042,29,2010,"photographer"
2043,29,2010,"photographer"
2045,29,2010,"photographer"
2046,29,2010,"photographer"
2048,29,2010,"photographer"
2049,29,2010,"photographer"
2050,29,2010,"photographer"
2052,29,2010,"photographer"
2053,29,2010,"photographer"
2054,29,2010,"photographer"
2056,29,2010,"photographer"
2058,29,2010,"photographer"
2060,29,2010,"photographer"
2062,29,2010,"photographer"
2063,29,2010,"photographer"
2064,29,2010,"photographer"
2065,29,2010,"photographer"
2066,29,2010,"photographer"
2068,29,2010,"photographer"
2069,29,2010,"photographer"
38,29,,"photographer"
41,29,,"photographer"
43,29,,"photographer"
46,29,,"photographer"
48,29,,"photographer"
49,29,,"photographer"
54,29,,"photographer"
62,29,,"photographer"
71,29,,"photographer"
72,29,,"photographer"
84,29,,"photographer"
85,29,,"photographer"
94,29,,"photographer"
98,29,,"photographer"
99,29,,"photographer"
102,29,,"photographer"
107,29,,"photographer"
114,29,,"photographer"
119,29,,"photographer"
120,29,,"photographer"
131,29,,"photographer"
140,29,,"photographer"
215,29,,"photographer"
245,29,,"photographer"
258,29,,"photographer"
281,29,,"photographer"
477,29,,"photographer"
478,29,,"photographer"
479,29,,"photographer"
480,29,,"photographer"
482,29,,"photographer"
483,29,,"photographer"
484,29,,"photographer"
485,29,,"photographer"
486,29,,"photographer"
487,29,,"photographer"
488,29,,"photographer"
489,29,,"photographer"
490,29,,"photographer"
491,29,,"photographer"
492,29,,"photographer"
493,29,,"photographer"
494,29,,"photographer"
495,29,,"photographer"
496,29,,"photographer"
497,29,,"photographer"
498,29,,"photographer"
499,29,,"photographer"
500,29,,"photographer"
917,29,,"photographer"
918,29,,"photographer"
919,29,,"photographer"
920,29,,"photographer"
1971,29,,"photographer"
1983,29,,"photographer"
1984,29,,"photographer"
2018,29,,"photographer"
2021,29,,"photographer"
2055,29,,"photographer"
2057,29,,"photographer"
2059,29,,"photographer"
2067,29,,"photographer"
921,30,2011,"photographer"
1084,30,,"photographer"
1085,30,,"photographer"
1086,30,,"photographer"
1087,30,,"photographer"
1088,30,,"photographer"
1089,30,,"photographer"
1090,30,,"photographer"
1091,30,,"photographer"
1092,30,,"photographer"
1093,30,,"photographer"
1094,30,,"photographer"
1095,30,,"photographer"
1096,30,,"photographer"
1097,30,,"photographer"
1098,30,,"photographer"
1099,30,,"photographer"
1100,30,,"photographer"
1101,30,,"photographer"
1102,30,,"photographer"
1103,30,,"photographer"
1104,30,,"photographer"
1105,30,,"photographer"
1106,30,,"photographer"
1107,30,,"photographer"
1108,30,,"photographer"
1109,30,,"photographer"
1110,30,,"photographer"
1111,30,,"photographer"
1112,30,,"photographer"
1113,30,,"photographer"
1114,30,,"photographer"
1263,31,,"photographer"
1264,31,,"photographer"
1265,31,,"photographer"
1266,31,,"photographer"
1267,31,,"photographer"
1268,31,,"photographer"
1269,31,,"photographer"
1270,31,,"photographer"
1271,31,,"photographer"
1272,31,,"photographer"
1274,31,,"photographer"
1275,31,,"photographer"
1277,31,,"photographer"
1278,31,,"photographer"
1281,31,,"photographer"
1282,31,,"photographer"
1283,31,,"photographer"
1284,31,,"photographer"
1285,31,,"photographer"
1286,31,,"photographer"
1287,31,,"photographer"
1288,31,,"photographer"
1289,31,,"photographer"
1290,31,,"photographer"
1292,31,,"photographer"
1293,31,,"photographer"
1294,31,,"photographer"
1295,31,,"photographer"
1296,31,,"photographer"
1297,31,,"photographer"
1298,31,,"photographer"
1299,31,,"photographer"
1300,31,,"photographer"
1301,31,,"photographer"
1302,31,,"photographer"
1303,31,,"photographer"
1304,31,,"photographer"
1305,31,,"photographer"
1306,31,,"photographer"
1307,31,,"photographer"
1308,31,,"photographer"
1309,31,,"photographer"
1310,31,,"photographer"
1311,31,,"photographer"
1312,31,,"photographer"
1313,31,,"photographer"
1314,31,,"photographer"
1316,31,,"photographer"
1317,31,,"photographer"
1318,31,,"photographer"
1319,31,,"photographer"
1320,31,,"photographer"
1321,31,,"photographer"
1322,31,,"photographer"
1323,31,,"photographer"
1324,31,,"photographer"
1325,31,,"photographer"
1326,31,,"photographer"
1327,31,,"photographer"
1328,31,,"photographer"
1329,31,,"photographer"
1330,31,,"photographer"
1331,31,,"photographer"
1332,31,,"photographer"
1333,31,,"photographer"
1334,31,,"photographer"
1335,31,,"photographer"
1336,31,,"photographer"
1337,31,,"photographer"
1338,31,,"photographer"
1339,31,,"photographer"
1340,31,,"photographer"
1341,31,,"photographer"
1342,31,,"photographer"
1343,31,,"photographer"
1345,31,,"photographer"
1346,31,,"photographer"
1347,31,,"photographer"
1348,31,,"photographer"
1349,31,,"photographer"
1350,31,,"photographer"
1351,31,,"photographer"
1352,31,,"photographer"
1353,31,,"photographer"
1354,31,,"photographer"
1355,31,,"photographer"
1356,31,,"photographer"
1357,31,,"photographer"
1358,31,,"photographer"
1359,31,,"photographer"
1360,31,,"photographer"
1361,31,,"photographer"
1362,31,,"photographer"
1363,31,,"photographer"
1364,31,,"photographer"
1365,31,,"photographer"
1367,31,,"photographer"
1368,31,,"photographer"
1369,31,,"photographer"
1370,31,,"photographer"
1371,31,,"photographer"
1372,31,,"photographer"
1373,31,,"photographer"
1374,31,,"photographer"
1375,31,,"photographer"
1376,31,,"photographer"
1377,31,,"photographer"
1378,31,,"photographer"
1379,31,,"photographer"
1380,31,,"photographer"
1381,31,,"photographer"
1382,31,,"photographer"
1383,31,,"photographer"
1384,31,,"photographer"
1385,31,,"photographer"
1386,31,,"photographer"
1387,31,,"photographer"
1388,31,,"photographer"
1389,31,,"photographer"
1390,31,,"photographer"
1391,31,,"photographer"
1392,31,,"photographer"
1393,31,,"photographer"
1395,31,,"photographer"
1396,31,,"photographer"
1397,31,,"photographer"
1398,31,,"photographer"
1399,31,,"photographer"
1400,31,,"photographer"
1401,31,,"photographer"
1455,31,,"photographer"
1456,31,,"photographer"
1457,31,,"photographer"
1458,31,,"photographer"
1459,31,,"photographer"
1460,31,,"photographer"
1461,31,,"photographer"
1462,31,,"photographer"
1463,31,,"photographer"
1464,31,,"photographer"
1465,31,,"photographer"
1466,31,,"photographer"
1467,31,,"photographer"
1468,31,,"photographer"
1469,31,,"photographer"
1470,31,,"photographer"
1471,31,,"photographer"
1472,31,,"photographer"
1473,31,,"photographer"
1474,31,,"photographer"
1475,31,,"photographer"
1476,31,,"photographer"
1477,31,,"photographer"
1478,31,,"photographer"
1479,31,,"photographer"
1480,31,,"photographer"
1481,31,,"photographer"
1482,31,,"photographer"
1483,31,,"photographer"
1484,31,,"photographer"
1485,31,,"photographer"
1486,31,,"photographer"
1487,31,,"photographer"
1488,31,,"photographer"
1489,31,,"photographer"
1490,31,,"photographer"
1491,31,,"photographer"
1492,31,,"photographer"
1493,31,,"photographer"
1494,31,,"photographer"
1495,31,,"photographer"
1496,31,,"photographer"
1497,31,,"photographer"
1498,31,,"photographer"
1499,31,,"photographer"
1500,31,,"photographer"
1501,31,,"photographer"
1502,31,,"photographer"
1503,31,,"photographer"
1504,31,,"photographer"
1505,31,,"photographer"
1506,31,,"photographer"
1507,31,,"photographer"
1508,31,,"photographer"
1509,31,,"photographer"
1510,31,,"photographer"
1511,31,,"photographer"
1512,31,,"photographer"
1513,31,,"photographer"
1514,31,,"photographer"
1515,31,,"photographer"
1516,31,,"photographer"
1517,31,,"photographer"
1518,31,,"photographer"
1519,31,,"photographer"
1520,31,,"photographer"
1521,31,,"photographer"
1522,31,,"photographer"
1523,31,,"photographer"
1524,31,,"photographer"
1525,31,,"photographer"
1526,31,,"photographer"
1527,31,,"photographer"
1528,31,,"photographer"
1529,31,,"photographer"
1530,31,,"photographer"
1531,31,,"photographer"
1532,31,,"photographer"
1533,31,,"photographer"
1534,31,,"photographer"
1535,31,,"photographer"
1536,31,,"photographer"
1537,31,,"photographer"
1538,31,,"photographer"
1539,31,,"photographer"
1540,31,,"photographer"
1541,31,,"photographer"
1542,31,,"photographer"
1543,31,,"photographer"
1544,31,,"photographer"
1545,31,,"photographer"
1546,31,,"photographer"
1547,31,,"photographer"
1548,31,,"photographer"
1549,31,,"photographer"
1550,31,,"photographer"
1551,31,,"photographer"
1552,31,,"photographer"
1553,31,,"photographer"
1554,31,,"photographer"
1555,31,,"photographer"
1556,31,,"photographer"
1557,31,,"photographer"
1558,31,,"photographer"
1559,31,,"photographer"
1560,31,,"photographer"
1561,31,,"photographer"
1562,31,,"photographer"
1563,31,,"photographer"
1564,31,,"photographer"
1565,31,,"photographer"
1566,31,,"photographer"
1567,31,,"photographer"
1568,31,,"photographer"
1569,31,,"photographer"
1570,31,,"photographer"
1571,31,,"photographer"
1572,31,,"photographer"
1573,31,,"photographer"
1574,31,,"photographer"
1575,31,,"photographer"
1576,31,,"photographer"
1577,31,,"photographer"
1578,31,,"photographer"
1579,31,,"photographer"
1580,31,,"photographer"
1581,31,,"photographer"
57,32,2013,"photographer"
109,32,2013,"photographer"
125,32,2013,"photographer"
177,32,2013,"photographer"
195,32,2013,"photographer"
210,32,2013,"photographer"
346,32,2013,"photographer"
347,32,2013,"photographer"
2026,32,2013,"photographer"
